sex,i,f,r
male,0.0167,0,0.00624
female,0.0167,0,0.00838
